🔒 Row ID,Nombre de la Rutina,Ejercicio 1,Ejercicio 2,Ejercicio 3,Ejercicio 4,Ejercico 5,Detalle equipo 1,Detalle equipo 2,Detalle equipo 3 ,detalle equipo 4 ,Detalle equipo 5,instrucciones 1,instruciones 2,instrucciones 3,instrucciones 4,instrucciones 5,Repeticiones 1.0,Repeticiones 2,Repeticiones 2.0,Repeticiones 3,Repeticiones 3.0,Repeticiones 4,Repeticiones 4.0,Repeticiones 5,Repeticiones 5.0,Consejo Pro 1,Consejo Pro 2,Consejo Pro 3,Consejo Pro 4,Consejo Pro 5,Músculos 1,Músculos 2,Músculos 3,Músculos 4,Músculos 5,Ejercicios sistemas,AreaDeTrabajo,Nivel,Enfoque,TodosEjercicioRtuina,TipoDisponibilidad,DiasSemana 1,DiasSemana 2,Dias A Mostrar,Repeticiones 1,Ejercicio 6,Repeticiones 6,Repeticiones 6.0,Músculos 6,RutaMaestría
,Roble: Tren Superior A,Handstand Push-ups Estrictas,Dominadas a Una Mano (Negativas/Asistidas),Front Lever Hold,One Arm Push-ups (Asistidas/Pies Separados),L-Sit to V-Sit,Pared o Libre,Barra de dominadas,Barra de dominadas,Suelo,Barras Paralelas de Madera Veta & Vigor,"Apoyado en la pared (o libre), baja hasta que la cabeza toque el suelo y empuja explosivamente.",Sujeta la barra con una mano (asiste con la otra mano en la muñeca o solo dedos). Baja muy lento.,Cuélgate de la barra y eleva el cuerpo hasta que esté horizontal y paralelo al suelo. Mantén la postura.,"Posición de flexión, un brazo en la espalda. Baja y empuja controlando la rotación del torso.","En las paralelas, levanta las piernas a 90 grados y luego empuja la cadera hacia adelante elevando los pies hacia la cara.",4 series de 3-6 reps,4 series de 3-5 reps/brazo,,4 series de 10-15 seg,,4 series de 5-8 reps/brazo,,4 series de 5-8 reps,,Mantén el abdomen contraído para no arquear la zona lumbar (banana back).,El control excéntrico es la clave para desbloquear la dominada a una mano.,Retrae las escápulas y aprieta glúteos al máximo.,Abre más los pies para mayor equilibrio al principio.,Traba los codos y empuja las paralelas hacia abajo con furia.,"Hombros, Tríceps, Core","Dorsales, Bíceps, Braquial","Core, Dorsales, Hombros","Pecho, Tríceps, Deltoides frontal","Core, Flexores de cadera, Tríceps",Vigor Corporal,Vigor Corporal,Roble,Tren Superior,,Mas de 3 Dias,Lunes Jueves,Lunes Jueves,Mas de 3 Dias,4 series de 3-6 reps,,,,,
,Roble: Tren Superior B,Muscle-ups Estrictos,Tuck Planche Push-ups,Front Lever Pull-ups (o progresiones),Flexiones Archer Explosivas,Back Lever Hold,Barra de dominadas,Barras Paralelas de Madera Veta & Vigor,Barra de dominadas,Suelo,Barra de dominadas,"Cuelga de la barra, usa un agarre falso. Tira explosivamente hacia el pecho y haz la transición al fondo.","En posición de Tuck Planche sobre las paralelas, realiza una flexión bajando el torso y empuja.","Desde la posición de Front Lever (o Tuck), tira de tu cuerpo hacia la barra doblando los brazos.","Desplaza tu peso hacia un brazo, baja y empuja con tanta fuerza que las manos se despeguen del suelo al subir.",Cuelga de la barra y gira hacia atrás hasta que el cuerpo quede paralelo al suelo boca abajo. Sostén.,4 series de 3-5 reps,4 series de 5-8 reps,,4 series de 4-6 reps,,4 series de 6-8 reps/lado,,4 series de 15-20 seg,,"Concéntrate en la rapidez de la transición, no uses kipping en las piernas.",Inclínate bien hacia adelante. Todo el peso va al hombro frontal.,"Si es muy difícil, hazlo en posición Tuck (rodillas al pecho).",La explosividad recluta fibras de contracción rápida esenciales en maestría.,Mantén la rotación externa de los hombros y aprieta el pecho.,"Espalda, Pecho, Tríceps","Hombros, Pecho, Tríceps","Dorsales, Bíceps, Core","Pecho, Tríceps, Potencia","Pecho, Bíceps, Core",Vigor Corporal,Vigor Corporal,Roble,Tren Superior,,Mas de 3 Dias,Lunes Jueves,Lunes Jueves,Mas de 3 Dias,4 series de 3-5 reps,,,,,
,Roble: Tren Superior C,Straddle Planche Leans,Dominadas Explosivas al Estómago,Fondos Imposibles (Impossible Dips progresiones),Human Flag (Progresiones/Holds),Handstand Hold,Suelo o Paralelas de Madera,Barra de dominadas,Barras Paralelas de Madera Veta & Vigor,Poste vertical,Suelo,"Piernas abiertas, inclina tu cuerpo hacia adelante lo máximo posible con los codos bloqueados.",Tira de la barra con máxima explosividad intentando que la barra toque tu ombligo.,"Baja en las paralelas apoyando los codos hacia atrás hasta quedar sobre los antebrazos, y empuja de regreso.","Sujeta un poste vertical, una mano arriba tirando y la otra abajo empujando. Eleva el cuerpo horizontal.",Párate de manos libre sin pared y busca el equilibrio absoluto.,4 series de 15-20 seg,4 series de 5-8 reps,,4 series de 3-5 reps,,4 series de 10-15 seg/lado,,4 series de 30-45 seg,,Dedos apuntando hacia afuera o atrás. Protracción escapular total.,El tirón debe ser brutalmente rápido.,"Es puro tríceps, ajusta el apalancamiento deslizando los hombros.","La mano inferior es la clave, empuja el poste como si quisieras tirarlo.","Alinea muñecas, codos, hombros y caderas en una sola línea.","Hombros (Anterior), Core",Dorsales (Potencia),Tríceps (Aislamiento extremo),"Oblicuos, Dorsales, Hombros","Core, Hombros, Equilibrio",Vigor Corporal,Vigor Corporal,Roble,Tren Superior,,Mas de 3 Dias,Lunes Jueves,Lunes Jueves,Mas de 3 Dias,4 series de 15-20 seg,,,,,
,Roble: Tren Inferior A,Pistol Squat Libre Estricta,Curl Nórdico Completo,Salto Longitud a Una Pierna,Dragon Pistol Squat (progresión),Elevación de Talón a Una Pierna con Déficit,Suelo,Soporte bajo / Compañero,Suelo,Suelo,Escalón o cajón,"De pie sobre una pierna, extiende la otra. Baja controladamente hasta que el isquiotibial toque el gemelo. Sube.","Arrodillado y con pies fijos, baja el torso recto hasta el suelo y vuelve a subir usando solo los isquios.","A la pata coja, salta lo más lejos que puedas y aterriza estabilizando sobre la misma pierna.",Pistol squat donde la pierna libre cruza por detrás de la pierna de apoyo.,"Sobre un escalón, baja el talón al máximo para estirar, pausa 2 seg, y sube explosivo.",4 series de 5-8 reps/pierna,4 series de 3-5 reps,,4 series de 5 saltos/pierna,,4 series de 3-5 reps/pierna,,4 series de 15-20 reps/pierna,,Los brazos al frente ayudan al equilibrio. Aprieta el abdomen en la bajada.,"Si no puedes subir completo, usa un empuje mínimo de las manos. Es el rey de isquios.",Congela el aterrizaje 1 segundo para entrenar los estabilizadores de rodilla.,"Requiere movilidad extrema de cadera, baja hasta donde controles.","Rango de movimiento completo, quema total en el gemelo.","Cuádriceps, Glúteos, Core",Isquiotibiales,"Potencia, Estabilidad rodilla","Cuádriceps, Movilidad cadera",Pantorrillas (Gemelos),Vigor Corporal,Vigor Corporal,Roble,Tren Inferior,,Mas de 3 Dias,Martes Viernes,Martes Viernes,Mas de 3 Dias,4 series de 5-8 reps/pierna,,,,,
,Roble: Tren Inferior B,Shrimp Squat Avanzada,Sissy Squat Libre Profunda,Glute Ham Raise (en suelo),Salto al Cajón Pliométrico a Una Pierna,Wall Sit a Una Pierna (Lastrado/Extremo),Suelo,Soporte vertical para agarrar (opcional),Soporte pies,Cajón alto,Pared,Sujeta el tobillo de tu pierna libre por detrás. Baja hasta que la rodilla toque el suelo y sube sin soltar.,"Inclínate hacia atrás sobre las puntas de los pies, bajando las rodillas hacia adelante al ras del piso.","Baja el torso pivoteando sobre las rodillas, empuja y tira fuerte con los isquios y glúteos para volver.",Salta explosivamente hacia el cajón usando solo una pierna para el impulso y aterrizaje.,"Apoya la espalda en la pared, a 90 grados, levanta una pierna y sostén.",4 series de 5-8 reps/pierna,4 series de 6-10 reps,,4 series de 6-8 reps,,4 series de 4-6 saltos/pierna,,4 series de 30-45 seg/pierna,,"Si es muy difícil, no sujetes el pie, solo mantén la pierna doblada atrás.","Mantén la alineación hombros-cadera-rodillas, no te ""sientes"" hacia atrás.",Mantén las caderas extendidas para forzar el isquio a trabajar.,"Aterriza con la rodilla ligeramente flexionada, nunca rígida.","Aguanta el ardor, es puro trabajo isométrico.","Cuádriceps, Core",Cuádriceps (Recto femoral),"Isquiotibiales, Glúteos","Potencia (Cuádriceps, Gemelos)",Cuádriceps (Isometría),Vigor Corporal,Vigor Corporal,Roble,Tren Inferior,,Mas de 3 Dias,Martes Viernes,Martes Viernes,Mas de 3 Dias,4 series de 5-8 reps/pierna,,,,,
,Roble: Tren Inferior C,Pistol Squat con Salto,Curl Nórdico Excéntrico Lento (10 seg),Skater Squat con Déficit,Broad Jumps (Saltos de rana continuos),Elevación de Talón Explosiva (rebote),Suelo,Soporte pies,Cajón o bloque de madera,Suelo,Suelo o escalón,Baja a Pistol Squat y al subir explota para separar el pie del suelo. Aterriza en la misma pierna.,Baja el cuerpo tomando 10 segundos enteros hasta llegar al suelo. Empuja con manos para subir.,"Realiza Skater Squat sobre un bloque, permitiendo que la rodilla libre baje más allá del pie de apoyo.",Encadena saltos hacia adelante buscando máxima distancia sin frenar el impulso.,"Sube rápidamente los talones, baja y rebota inmediatamente como un muelle.",4 series de 4-6 reps/pierna,4 series de 4-6 reps,,4 series de 5-8 reps/pierna,,4 series de 8 saltos,,4 series de 25-30 reps,,Absorbe el impacto bajando directamente a la siguiente repetición.,"Control mental total, no te dejes caer al final.",El déficit aumenta brutalmente el rango de movimiento del cuádriceps.,Usa los brazos para balancear y generar inercia.,Entrena la reactividad del tendón de Aquiles.,Potencia unilateral,Isquiotibiales (Daño excéntrico),"Cuádriceps, Glúteos",Potencia global,"Tendón de Aquiles, Gemelos",Vigor Corporal,Vigor Corporal,Roble,Tren Inferior,,Mas de 3 Dias,Martes Viernes,Martes Viernes,Mas de 3 Dias,4 series de 4-6 reps/pierna,,,,,
,Roble: Cuerpo Completo A,Muscle-ups Estrictos,Pistol Squat Libre,Handstand Push-ups Estrictas,Curl Nórdico Completo,Front Lever Hold,Barra de dominadas,Suelo,Pared o libre,Soporte pies,Barra de dominadas,Transición limpia de dominada a fondo.,Sentadilla unilateral profunda libre.,Flexiones verticales de pino.,Baja y sube usando los isquios.,Cuelga en posición horizontal.,4 series de 3-5 reps,4 series de 5-8 reps/pierna,,4 series de 4-8 reps,,4 series de 4-6 reps,,4 series de 10-15 seg,,Fuerza técnica pura.,Estabiliza el pie como un trípode.,Aprieta glúteos en el Handstand.,Tensión brutal en isquios.,Retracción y depresión escapular.,"Espalda, Pecho, Tríceps",Cuádriceps,Hombros,Isquiotibiales,"Dorsales, Core",Vigor Corporal,Vigor Corporal,Roble,Cuerpo Completo,,3 Dias,Lunes Viernes,Miercoles,3 Dias,4 series de 3-5 reps,,,,,
,Roble: Cuerpo Completo B,One Arm Push-ups,Shrimp Squat Avanzada,Dominadas a Una Mano (Negativas/Asistidas),Salto al Cajón a Una Pierna,Human Flag (Holds),Suelo,Suelo,Barra de dominadas,Cajón alto,Poste vertical,Flexión estricta a un brazo.,Baja agarrando la pierna libre atrás.,Trabajo unilateral de tirón.,Salto explosivo al cajón con una pierna.,Bandera humana.,4 series de 5-8 reps/brazo,4 series de 5-8 reps/pierna,,4 series de 3-5 reps/brazo,,4 series de 4-6 saltos/pierna,,4 series de 10-15 seg/lado,,Control rotacional.,Rodilla dominante.,Cierra el agarre.,Aterrizaje suave.,Brazos bloqueados.,"Pecho unilateral, Core",Cuádriceps,Espalda unilateral,Potencia inferior,"Core extremo, Oblicuos",Vigor Corporal,Vigor Corporal,Roble,Cuerpo Completo,,3 Dias,Miercoles,Lunes Viernes,3 Dias,4 series de 5-8 reps/brazo,,,,,
,Roble: Cuerpo Completo C,Front Lever Pull-ups,Sissy Squat Libre,Tuck Planche Push-ups,Dragon Pistol Squat,L-Sit to Handstand (o progresiones),Barra de dominadas,Suelo,Barras Paralelas de Madera Veta & Vigor,Suelo,Barras Paralelas de Madera Veta & Vigor,Dominadas en horizontal.,Sentadilla enfocada al recto femoral.,Flexión en palanca.,Sentadilla unilateral cruzada.,Empuje desde escuadra a vertical.,4 series de 4-6 reps,4 series de 8-10 reps,,4 series de 5-8 reps,,4 series de 4-6 reps/pierna,,4 series de 3-5 reps,,Puro dorsal.,Rodillas sanas.,Hombro frontal.,Movilidad de cadera.,Flujo motriz avanzado.,"Espalda, Core",Cuádriceps,"Pecho, Hombros",Cuádriceps,"Hombros, Core, Tríceps",Vigor Corporal,Vigor Corporal,Roble,Cuerpo Completo,,3 Dias,,,3 Dias,4 series de 4-6 reps,,,,,
,Roble Gym: Tren Superior A,Press de Banca Plano con Barra (Pesado),Dominadas con Lastre (Pesado),Press Militar Estricto con Barra,Remo con Barra Pendlay (Pesado),Fondos en Paralelas Lastrados,Banco + Barra,Cinturón Lastre,Barra + Discos,Barra + Discos,Barras Paralelas + Lastre,Fuerza máxima. Levanta explosivo.,Carga para bajas repeticiones. Pasa la barbilla.,Empuje vertical estricto sin impulso de piernas.,"Desde el suelo, tira explosivo.",Rompe los 90 grados con lastre pesado.,5 series de 2-4 reps,5 series de 3-5 reps,,4 series de 4-6 reps,,4 series de 4-6 reps,,4 series de 4-6 reps,,Aplica leg drive constante.,Core duro como roca.,Mete la cabeza bajo la barra al subir.,"No levantes el torso, usa los dorsales.","Codos cerrados, inclina el torso.","Pecho, Fuerza Máxima",Dorsales (Tracción pesada),Hombros (Empuje pesado),Espalda (Potencia),"Tríceps, Pecho Inferior",Carga de Hierro,Vigor Corporal,Roble,Tren Superior,,Mas de 3 Dias,Lunes Jueves,Lunes Jueves,Mas de 3 Dias,5 series de 2-4 reps,,,,,
,Roble Gym: Tren Superior B,Press Inclinado con Mancuernas Pesadas,Remo con Mancuerna Pesada a Una Mano,Press Arnold,Curl de Bíceps con Barra Recta (Cheat Curl estricto),Press Francés con Barra EZ (Pesado),Banco Inclinado,Banco plano,Banco,Barra Recta,Banco + Barra EZ,Empuje inclinado con rango completo.,Tirón unilateral pesado apoyado en banco.,Press rotacional sentado.,"Curl pesado, ligero balanceo controlado.",Extensión de tríceps tumbado.,4 series de 6-8 reps,4 series de 6-8 reps/lado,,4 series de 6-8 reps,,4 series de 6-8 reps,,4 series de 6-8 reps,,Pausa abajo para estirar.,Siente el dorsal jalando.,Baja hasta las clavículas.,La fase excéntrica debe ser lenta.,Lleva la barra a la frente.,Pecho Superior,Dorsales,Deltoides total,Bíceps (Sobrecarga),Tríceps (Cabeza larga),Carga de Hierro,Vigor Corporal,Roble,Tren Superior,,Mas de 3 Dias,Lunes Jueves,Lunes Jueves,Mas de 3 Dias,4 series de 6-8 reps,,,,,
,Roble Gym: Tren Superior C,Press de Banca con Pausa Larga,Dominadas Supinas con Lastre,Face Pull Pesado,Elevaciones Laterales Pesadas (Parciales),Curl Araña con Mancuernas,Banco plano,Cinturón Lastre,Polea,Mancuernas,Banco inclinado,Pausa de 3 segundos en el pecho y explota.,Dominadas agarre inverso pesado.,Tirón a la cara aislando el trapecio/posterior.,Laterales con mucho peso (rango de movimiento parcial).,Acuéstate boca abajo en banco inclinado y haz curl.,4 series de 3-5 reps,4 series de 4-6 reps,,4 series de 8-12 reps,,4 series de 10-15 reps,,4 series de 8-10 reps,,Elimina el reflejo de estiramiento.,Activa el bíceps y dorsal inferior.,Junta escápulas al máximo.,Construye la anchura de los hombros.,"Cero balanceo, puro aislamiento.","Pecho, Potencia desde parado","Dorsales, Bíceps","Trapecio, Deltoides posterior",Deltoides lateral,Bíceps,Carga de Hierro,Vigor Corporal,Roble,Tren Superior,,Mas de 3 Dias,Lunes Jueves,Lunes Jueves,Mas de 3 Dias,4 series de 3-5 reps,,,,,
,Roble Gym: Tren Inferior A,Sentadilla Profunda con Barra (Pesada),Peso Muerto Rumano Pesado,Prensa de Piernas Inclinada,Curl Femoral Tumbado,Elevación de Talones de Pie,Rack + Barra,Barra,Máquina Prensa,Máquina,Máquina,"Barra alta o baja. Baja rompiendo paralelo, sube con fuerza brutal.","Carga pesada, estira los isquios.",Carga máxima en prensa.,Aislamiento excéntrico para isquios.,Talones con peso máximo.,5 series de 2-4 reps,4 series de 4-6 reps,,4 series de 6-8 reps,,4 series de 8-12 reps,,4 series de 12-15 reps,,Mantén la tensión intra-abdominal (Bracing).,"La cadera es la bisagra, no la espalda.",No bloquees las rodillas arriba.,Frena la subida.,Pausa activa arriba y abajo.,"Cuádriceps, Cadena Posterior","Isquiotibiales, Glúteos",Piernas Global,Isquiotibiales,Gemelos,Carga de Hierro,Vigor Corporal,Roble,Tren Inferior,,Mas de 3 Dias,Martes Viernes,Martes Viernes,Mas de 3 Dias,5 series de 2-4 reps,,,,,
,Roble Gym: Tren Inferior B,Peso Muerto Convencional/Sumo (Pesado),Sentadilla Frontal,Sentadilla Búlgara con Barra/Mancuernas Pesadas,Extensión de Cuádriceps,Elevación de Talones Sentado,Barra + Discos,Rack,Banco + Barra/Manc.,Máquina,Máquina,Levanta desde el suelo con técnica impecable.,"Barra apoyada al frente, baja vertical.",Trabajo unilateral pesado apoyado atrás.,Isla el cuádriceps al final.,Sóleo aislado.,5 series de 2-4 reps,4 series de 4-6 reps,,4 series de 6-8 reps/pierna,,4 series de 10-15 reps,,4 series de 15-20 reps,,Tira de la barra hacia ti antes de levantar (sacar el slack).,Codos bien altos.,Busca la fatiga máxima del cuádriceps.,Aprieta fuerte al extender.,Movimiento completo.,Cadena Posterior Global,"Cuádriceps, Core Frontal",Cuádriceps unilateral,Cuádriceps,Sóleo,Carga de Hierro,Vigor Corporal,Roble,Tren Inferior,,Mas de 3 Dias,Martes Viernes,Martes Viernes,Mas de 3 Dias,5 series de 2-4 reps,,,,,
,Roble Gym: Tren Inferior C,Sentadilla Pausada (Pin Squats),Hip Thrust con Barra Pesado,Zancadas Caminando Pesadas,Buenos Días (Good Mornings),Saltos Pliométricos al Cajón con Lastre Ligero,Rack con seguros,Barra + Banco,Mancuernas,Barra,Cajón + Chaleco,"Baja, apoya la barra en los pines 2 segundos y sube sin inercia.",Puente de glúteo con peso máximo en cadera.,Zancadas largas con mancuernas pesadas.,Inclinación frontal con barra en la espalda.,Salto reactivo con un poco de lastre.,4 series de 3-5 reps,4 series de 4-6 reps,,4 series de 10 pasos/pierna,,4 series de 6-8 reps,,4 series de 5 saltos,,"Elimina el impulso, pura fuerza desde cero.",Sostén la contracción 1 seg.,Muerte metabólica y mecánica.,Mantén los lumbares firmes.,Agilidad tras carga pesada.,"Fuerza de arranque, Cuádriceps",Glúteo Mayor,Piernas Global,"Espalda baja, Isquios",Potencia,Carga de Hierro,Vigor Corporal,Roble,Tren Inferior,,Mas de 3 Dias,Martes Viernes,Martes Viernes,Mas de 3 Dias,4 series de 3-5 reps,,,,,
,Roble Gym: Cuerpo Completo A,Sentadilla Profunda con Barra,Press de Banca Plano,Dominadas Lastradas,Peso Muerto Rumano,Press Militar,Rack,Banco,Cinturón,Barra,Barra,El rey del tren inferior.,El rey del empuje horizontal.,El rey de la tracción vertical.,Cadena posterior accesoria.,Empuje vertical.,4 series de 3-5 reps,4 series de 3-5 reps,,4 series de 4-6 reps,,3 series de 6-8 reps,,3 series de 6-8 reps,,Foco absoluto en los grandes levantamientos.,Ancla los pies.,Pasa la barbilla.,Cuidado lumbar.,No dobles rodillas.,Piernas,Pecho,Espalda,Isquiotibiales,Hombros,Carga de Hierro,Vigor Corporal,Roble,Cuerpo Completo,,3 Dias,Lunes Viernes,Miercoles,3 Dias,4 series de 3-5 reps,,,,,
,Roble Gym: Cuerpo Completo B,Peso Muerto Convencional,Fondos en Paralelas Pesados,Sentadilla Frontal,Remo con Barra Pendlay,Elevaciones Laterales,Barra,Paralelas,Rack,Barra,Mancuernas,Levante pesado.,Fondo lastrado avanzado.,Sentadilla vertical.,Remo desde el piso.,Aislamiento hombro.,4 series de 2-4 reps,4 series de 4-6 reps,,4 series de 4-6 reps,,4 series de 5-8 reps,,4 series de 10-12 reps,,Tracciona duro.,Inclinación frontal.,Codos arriba.,Tirón explosivo.,Vuelo lateral puro.,Cadena Posterior,Pecho inferior,Cuádriceps,Espalda media,Hombros,Carga de Hierro,Vigor Corporal,Roble,Cuerpo Completo,,3 Dias,Miercoles,Lunes Viernes,3 Dias,4 series de 2-4 reps,,,,,
,Roble Gym: Cuerpo Completo C,Sentadilla Pausada,Press Inclinado con Mancuernas,Hip Thrust con Barra,Remo con Mancuerna a Una Mano,Curl de Bíceps,Rack,Banco Inclinado,Barra + Banco,Mancuernas,Barra EZ,Pausa abajo.,Pecho superior pesado.,Glúteo pesado.,Dorsal pesado.,Bíceps.,4 series de 4-6 reps,4 series de 6-8 reps,,4 series de 5-8 reps,,4 series de 6-8 reps,,4 series de 8-10 reps,,Pura fuerza estática.,Junta mancuernas.,Máximo apretón.,Siente el dorsal.,Aísla.,Cuádriceps,Pecho,Glúteo,Dorsal,Bíceps,Carga de Hierro,Vigor Corporal,Roble,Cuerpo Completo,,3 Dias,,,3 Dias,4 series de 4-6 reps,,,,,
,Roble Híbrido: Tren Superior A,Press de Banca Plano (Pesado),Muscle-ups Estrictos,Dominadas a Una Mano (Negativas/Asistidas),Press Militar con Barra,Front Lever Hold,Banco + Barra,Barra de dominadas,Barra de dominadas,Barra,Barra de dominadas,Fuerza máxima en empuje horizontal.,Transición técnica y poder puro de calistenia.,Tracción unilateral extrema.,Fuerza de hombros bruta.,Tensión estática del core y dorsal.,5 series de 2-4 reps,4 series de 3-5 reps,,4 series de 3-5 reps/brazo,,4 series de 4-6 reps,,4 series de 10-15 seg,,"Tras el banco, el muscle up te retará el tríceps.",Fluidez y no kipping.,Baja frenando como si tu vida dependiera de ello.,Core bloqueado.,Escápulas abajo y juntas.,"Pecho, Tríceps (Fuerza)",Tracción/Empuje (Técnica),Dorsal Unilateral,Hombros,"Core, Dorsales", Método Híbrido V&V,Vigor Corporal,Roble,Tren Superior,,Mas de 3 Dias,Lunes Jueves,Lunes Jueves,Mas de 3 Dias,5 series de 2-4 reps,,,,,
,Roble Híbrido: Tren Superior B,Handstand Push-ups Estrictos,Remo con Barra Pendlay (Pesado),Tuck Planche Push-ups,Curl de Bíceps con Barra Recta,L-Sit en Paralelas,Pared o Libre,Barra,Barras Paralelas de Madera Veta & Vigor,Barra Recta,Barras Paralelas de Madera Veta & Vigor,Dominio del peso corporal vertical.,Fuerza de tracción explosiva.,Empuje horizontal biomecánico avanzado.,Hipertrofia clásica.,Core estático calisténico.,4 series de 4-6 reps,5 series de 4-6 reps,,4 series de 5-8 reps,,4 series de 8-10 reps,,4 series de 20-30 seg,,La fatiga del HSPU afecta la plancha posterior.,Tira desde el piso en cada rep.,Inclina el peso hacia el frente todo el tiempo.,No balancees la espalda.,Traba rodillas y pies en punta.,Hombros (Vertical),Espalda (Potencia),"Pecho, Hombro Frontal",Bíceps,"Core, Flexores", Método Híbrido V&V,Vigor Corporal,Roble,Tren Superior,,Mas de 3 Dias,Lunes Jueves,Lunes Jueves,Mas de 3 Dias,4 series de 4-6 reps,,,,,
,Roble Híbrido: Tren Superior C,Dominadas con Lastre (Pesadas),Fondos en Paralelas con Lastre (Pesados),One Arm Push-ups,Face Pull en Polea,Human Flag (Holds),Cinturón Lastre,Barras Paralelas de Madera Veta & Vigor + Lastre,Suelo,Polea,Poste vertical,Tracción vertical con sobrecarga máxima.,Empuje profundo con sobrecarga. Aprovecha el agarre de la madera para estabilizar la muñeca.,Empuje asimétrico calisténico.,Salud de hombro posterior.,Isometría oblicua.,4 series de 3-5 reps,4 series de 4-6 reps,,4 series de 5-8 reps/brazo,,4 series de 10-15 reps,,4 series de 10-15 seg/lado,,Tracciona duro y explosivo.,Cuidado con bajar excesivamente si tienes molestia articular.,Baja abriendo las piernas si cuesta.,Jala a los ojos.,El brazo de abajo empuja a muerte.,Dorsales,"Pecho Inferior, Tríceps","Pecho, Tríceps, Core",Trapecio,Core lateral, Método Híbrido V&V,Vigor Corporal,Roble,Tren Superior,,Mas de 3 Dias,Lunes Jueves,Lunes Jueves,Mas de 3 Dias,4 series de 3-5 reps,,,,,
,Roble Híbrido: Tren Inferior A,Sentadilla Profunda con Barra (Pesada),Pistol Squat Libre Estricta,Peso Muerto Rumano,Curl Nórdico Completo,Elevación de Talón Pesada,Rack,Suelo,Barra,Soporte pies,Máquina,Sentadilla pesada base.,Sentadilla unilateral de alta demanda técnica.,Estiramiento isquio bajo carga.,Fuerza isquiosural pura con peso corporal.,Sóleo y gemelos pesados.,5 series de 2-4 reps,3 series de 5-8 reps/pierna,,4 series de 5-8 reps,,4 series de 3-5 reps,,4 series de 12-15 reps,,Sobrecarga mecánica.,"Tras la barra, tu CNS estará fatigado, mantén la concentración.",Mantén la espalda bloqueada.,"Aíslate en el curl nórdico, sin rebotar.",Ardor total.,Cuádriceps,"Cuádriceps, Equilibrio",Isquios,Isquios,Gemelos, Método Híbrido V&V,Vigor Corporal,Roble,Tren Inferior,,Mas de 3 Dias,Martes Viernes,Martes Viernes,Mas de 3 Dias,5 series de 2-4 reps,,,,,
,Roble Híbrido: Tren Inferior B,Peso Muerto Convencional (Pesado),Shrimp Squat Avanzada,Sentadilla Búlgara con Mancuernas,Salto al Cajón Pliométrico a Una Pierna,Wall Sit Lastrado a Una Pierna,Barra,Suelo,Banco + Mancuernas,Cajón alto,Pared + Disco,Tirón pesado central.,Trabajo unilateral técnico.,Hipertrofia de apoyo unilateral.,Reactividad post-fatiga.,Isometría unilateral con disco en pierna.,5 series de 2-4 reps,4 series de 5-8 reps/pierna,,4 series de 6-8 reps/pierna,,4 series de 4-6 saltos/pierna,,4 series de 30-45 seg,,Agarre mixto o hook grip.,Usa colchón para la rodilla trasera.,Baja recto como ascensor.,Baja del cajón con los dos pies.,Soporta el ácido láctico.,Cadena Posterior,Cuádriceps,"Glúteo, Cuádriceps",Potencia,Isometría, Método Híbrido V&V,Vigor Corporal,Roble,Tren Inferior,,Mas de 3 Dias,Martes Viernes,Martes Viernes,Mas de 3 Dias,5 series de 2-4 reps,,,,,
,Roble Híbrido: Tren Inferior C,Sentadilla Frontal con Barra,Pistol Squat con Salto,Hip Thrust con Barra Pesado,Glute Ham Raise (Suelo),Zancadas Pliométricas Alternadas,Rack,Suelo,Barra + Banco,Soporte pies,Suelo,Carga anterior y cuádriceps.,Potencia unilateral pura.,Fuerza extrema de glúteo.,Isquio peso corporal.,Cierre metabólico.,4 series de 4-6 reps,4 series de 4-6 reps/pierna,,4 series de 4-6 reps,,4 series de 6-8 reps,,4 series de 10-15 saltos/pierna,,Codos siempre arriba.,Aterrizaje controlado.,Aprieta 2 seg arriba.,Extensión total de cadera.,No te detengas hasta el final.,Cuádriceps,Potencia,Glúteo,Isquiotibiales,Piernas Global, Método Híbrido V&V,Vigor Corporal,Roble,Tren Inferior,,Mas de 3 Dias,Martes Viernes,Martes Viernes,Mas de 3 Dias,4 series de 4-6 reps,,,,,
,Roble Híbrido: Cuerpo Completo A,Sentadilla Profunda con Barra,Muscle-ups Estrictos,Press de Banca Plano,Pistol Squat Libre,Front Lever Hold,Rack,Barra de dominadas,Banco,Suelo,Barra de dominadas,La sentadilla base.,El rey de la calistenia superior.,Fuerza de empuje horizontal.,Fuerza unilateral de pierna.,Tensión de core y espalda.,4 series de 3-5 reps,4 series de 3-5 reps,,4 series de 4-6 reps,,3 series de 5-8 reps/pierna,,4 series de 10-15 seg,,Pura maestría combinada.,Transición técnica.,Leg drive activado.,Postura sólida.,Retracción.,Cuádriceps,Tirón/Empuje,Pecho,Pierna unilateral,Core, Método Híbrido V&V,Vigor Corporal,Roble,Cuerpo Completo,,3 Dias,Lunes Viernes,Miercoles,3 Dias,4 series de 3-5 reps,,,,,
,Roble Híbrido: Cuerpo Completo B,Peso Muerto Convencional,Handstand Push-ups,Dominadas Lastradas,Salto al Cajón a Una Pierna,Press Militar,Barra,Pared/Libre,Cinturón,Cajón,Barra,Fuerza posterior brutal.,Empuje vertical corporal.,Tracción vertical con peso.,Potencia unilateral.,Hombro pesado.,4 series de 2-4 reps,4 series de 4-6 reps,,4 series de 4-6 reps,,4 series de 5 saltos/pierna,,3 series de 6-8 reps,,Tensión lumbar.,Equilibrio o pared.,Añade kilos.,Amortigua bien.,Bloqueo arriba.,Cadena Posterior,Hombros (calistenia),Dorsales (hierro),Potencia,Hombros (hierro), Método Híbrido V&V,Vigor Corporal,Roble,Cuerpo Completo,,3 Dias,Miercoles,Lunes Viernes,3 Dias,4 series de 2-4 reps,,,,,
,Roble Híbrido: Cuerpo Completo C,Fondos en Paralelas Lastrados,Curl Nórdico Completo,Sentadilla Búlgara Pesada,Front Lever Pull-ups,Human Flag,Barras Paralelas + Lastre,Soporte pies,Banco + Mancuernas,Barra de dominadas,Poste vertical,Empuje profundo en tus paralelas V&V.,Isquios en tensión extrema.,Fuerza unilateral de hierro.,Dominada horizontal calisténica.,Bandera estática.,4 series de 4-6 reps,4 series de 4-6 reps,,4 series de 5-8 reps/pierna,,4 series de 4-6 reps,,4 series de 10-15 seg/lado,,Inclinación pectoral.,Frena lento.,Rompe el paralelo.,Fuerza de palanca.,Línea recta.,Pecho,Isquiotibiales,Cuádriceps,Dorsales,Core, Método Híbrido V&V,Vigor Corporal,Roble,Cuerpo Completo,,3 Dias,,,3 Dias,4 series de 4-6 reps,,,,,
