id,slug,nombre interno,nombre visible,término público recomendado,descripción corta,descripción completa,Sistema,Ruta,Madera,orden,día,fase,modalidad,lista ordenada de ejercicios,series,repeticiones,tiempo,descansos,tempo,duración estimada,equipo,requisitos previos,condición de desbloqueo,criterio de cumplimiento,evidencia solicitada,recompensa,insignia relacionada,clasificación relacionada,pantalla,componente,activo visual,fuente,contradicciones,información faltante
fba6348a-c05c-4be9-8157-dbd8e0da9abf,semilla:-tren-superior-a,Semilla: Tren Superior A,Semilla: Tren Superior A,Misión Semilla,,,Vigor Corporal,,Semilla,,,,,[5 ejercicios asociados],,,,,,,,,,,,,,,,,https://storage.googleapis.com/glide-prod.appspot.com/uploads-v2/uH9VKQvQBIrADlb8I3em/pub/1IJKDJkMawBgQQYi21yK.jpeg,Supabase: rutinas,,
32304565-a86f-4777-93c2-36e78f75d234,semilla:-tren-superior-b,Semilla: Tren Superior B,Semilla: Tren Superior B,Misión Semilla,,,Vigor Corporal,,Semilla,,,,,[5 ejercicios asociados],,,,,,,,,,,,,,,,,https://storage.googleapis.com/glide-prod.appspot.com/uploads-v2/uH9VKQvQBIrADlb8I3em/pub/2oVqXZoDNCgFcmpCPmTZ.jpeg,Supabase: rutinas,,
8f4bd3c3-f83d-41c1-b1f0-a362743b751e,semilla:-tren-superior-c,Semilla: Tren Superior C,Semilla: Tren Superior C,Misión Semilla,,,Vigor Corporal,,Semilla,,,,,[5 ejercicios asociados],,,,,,,,,,,,,,,,,https://storage.googleapis.com/glide-prod.appspot.com/uploads-v2/uH9VKQvQBIrADlb8I3em/pub/YJYMLe0kHpPpAPWwhrwL.jpeg,Supabase: rutinas,,
bcae5874-07cb-4156-8619-d075e4d82fa3,semilla:-tren-inferior-a,Semilla: Tren Inferior A,Semilla: Tren Inferior A,Misión Semilla,,,Vigor Corporal,,Semilla,,,,,[5 ejercicios asociados],,,,,,,,,,,,,,,,,https://storage.googleapis.com/glide-prod.appspot.com/uploads-v2/uH9VKQvQBIrADlb8I3em/pub/qc9pYY2wpZmyzoWFmzct.jpeg,Supabase: rutinas,,
47c1711b-fef8-417b-af42-08934159dcad,semilla:-tren-inferior-b,Semilla: Tren Inferior B,Semilla: Tren Inferior B,Misión Semilla,,,Vigor Corporal,,Semilla,,,,,[5 ejercicios asociados],,,,,,,,,,,,,,,,,https://storage.googleapis.com/glide-prod.appspot.com/uploads-v2/uH9VKQvQBIrADlb8I3em/pub/f4DkZPhb4BwQciplvPbs.jpeg,Supabase: rutinas,,
9a27de10-685b-41d2-883d-61f711a91767,semilla:-tren-inferior-c,Semilla: Tren Inferior C,Semilla: Tren Inferior C,Misión Semilla,,,Vigor Corporal,,Semilla,,,,,[5 ejercicios asociados],,,,,,,,,,,,,,,,,https://storage.googleapis.com/glide-prod.appspot.com/uploads-v2/uH9VKQvQBIrADlb8I3em/pub/K4fUGlRXyNzP9F9pexPq.jpeg,Supabase: rutinas,,
3a9ab82a-696d-488f-aa88-55c795f4e76d,semilla:-cuerpo-completo-a,Semilla: Cuerpo Completo A,Semilla: Cuerpo Completo A,Misión Semilla,,,Vigor Corporal,,Semilla,,,,,[6 ejercicios asociados],,,,,,,,,,,,,,,,,https://storage.googleapis.com/glide-prod.appspot.com/uploads-v2/uH9VKQvQBIrADlb8I3em/pub/fs7sXKsTv0Ig9ghvWxGD.jpeg,Supabase: rutinas,,
ffa16cc0-5c17-4def-8501-34f1225f6c85,semilla:-cuerpo-completo-b,Semilla: Cuerpo Completo B,Semilla: Cuerpo Completo B,Misión Semilla,,,Vigor Corporal,,Semilla,,,,,[6 ejercicios asociados],,,,,,,,,,,,,,,,,https://storage.googleapis.com/glide-prod.appspot.com/uploads-v2/uH9VKQvQBIrADlb8I3em/pub/JVsJllYuRdTRj6WHitEE.jpeg,Supabase: rutinas,,
946d8726-9b33-42e9-a3d9-c85210121451,semilla:-cuerpo-completo-c,Semilla: Cuerpo Completo C,Semilla: Cuerpo Completo C,Misión Semilla,,,Vigor Corporal,,Semilla,,,,,[5 ejercicios asociados],,,,,,,,,,,,,,,,,https://storage.googleapis.com/glide-prod.appspot.com/uploads-v2/uH9VKQvQBIrADlb8I3em/pub/PAOMztsiX3ucMQ0533vZ.jpeg,Supabase: rutinas,,
20dfaa00-29d0-4990-bc57-242eb4f497f0,pino:-tren-superior-a,Pino: Tren Superior A,Pino: Tren Superior A,Misión,,,Vigor Corporal,,Pino,,,,,[5 ejercicios asociados],,,,,,,,,,,,,,,,,https://storage.googleapis.com/glide-prod.appspot.com/uploads-v2/uH9VKQvQBIrADlb8I3em/pub/lsxu6quQwFJ1c68lHFCu.jpeg,Supabase: rutinas,,
9f883608-6395-4d62-aa34-0cf5db78a241,pino:-tren-superior-b,Pino: Tren Superior B,Pino: Tren Superior B,Misión,,,Vigor Corporal,,Pino,,,,,[5 ejercicios asociados],,,,,,,,,,,,,,,,,https://storage.googleapis.com/glide-prod.appspot.com/uploads-v2/uH9VKQvQBIrADlb8I3em/pub/WgGiJH96wuQyDIWN7K4d.jpeg,Supabase: rutinas,,
e62ddf77-9485-497d-b49f-45edf3304ced,pino:-tren-superior-c,Pino: Tren Superior C,Pino: Tren Superior C,Misión,,,Vigor Corporal,,Pino,,,,,[5 ejercicios asociados],,,,,,,,,,,,,,,,,https://storage.googleapis.com/glide-prod.appspot.com/uploads-v2/uH9VKQvQBIrADlb8I3em/pub/REFtZIjqNOzyLwVXeADL.jpeg,Supabase: rutinas,,
1f7c44c2-c389-4396-83ca-112fc90e4369,pino:-tren-inferior-a,Pino: Tren Inferior A,Pino: Tren Inferior A,Misión,,,Vigor Corporal,,Pino,,,,,[5 ejercicios asociados],,,,,,,,,,,,,,,,,https://storage.googleapis.com/glide-prod.appspot.com/uploads-v2/uH9VKQvQBIrADlb8I3em/pub/JtzunivlUxIOd3y60y6l.jpeg,Supabase: rutinas,,
cdf68e37-f4f6-4381-b961-eb32eede0358,pino:-tren-inferior-b,Pino: Tren Inferior B,Pino: Tren Inferior B,Misión,,,Vigor Corporal,,Pino,,,,,[5 ejercicios asociados],,,,,,,,,,,,,,,,,https://storage.googleapis.com/glide-prod.appspot.com/uploads-v2/uH9VKQvQBIrADlb8I3em/pub/rUkfTXxVi3TwnPNzgtiT.jpeg,Supabase: rutinas,,
42aa9ecd-ec1b-4f15-a2d5-45b5fb620363,pino:-tren-inferior-c,Pino: Tren Inferior C,Pino: Tren Inferior C,Misión,,,Vigor Corporal,,Pino,,,,,[5 ejercicios asociados],,,,,,,,,,,,,,,,,https://storage.googleapis.com/glide-prod.appspot.com/uploads-v2/uH9VKQvQBIrADlb8I3em/pub/w1GHwgfG5Pra0QSgtn2W.jpeg,Supabase: rutinas,,
877cdba5-00e4-4a29-a29f-70891e472df3,pino:-cuerpo-completo-a,Pino: Cuerpo Completo A,Pino: Cuerpo Completo A,Misión,,,Vigor Corporal,,Pino,,,,,[5 ejercicios asociados],,,,,,,,,,,,,,,,,https://storage.googleapis.com/glide-prod.appspot.com/uploads-v2/uH9VKQvQBIrADlb8I3em/pub/lWlzNcFGw4HmsSaGZuN5.jpeg,Supabase: rutinas,,
9854322e-0654-473e-84d7-395b57b61917,pino:-cuerpo-completo-b,Pino: Cuerpo Completo B,Pino: Cuerpo Completo B,Misión,,,Vigor Corporal,,Pino,,,,,[5 ejercicios asociados],,,,,,,,,,,,,,,,,https://storage.googleapis.com/glide-prod.appspot.com/uploads-v2/uH9VKQvQBIrADlb8I3em/pub/862PHorlHapyz1SdYgZC.jpeg,Supabase: rutinas,,
3e1bff22-46ae-40fe-9937-172ef4aa8fd8,pino:-cuerpo-completo-c,Pino: Cuerpo Completo C,Pino: Cuerpo Completo C,Misión,,,Vigor Corporal,,Pino,,,,,[5 ejercicios asociados],,,,,,,,,,,,,,,,,https://storage.googleapis.com/glide-prod.appspot.com/uploads-v2/uH9VKQvQBIrADlb8I3em/pub/SfhgqC1UlXIdme6B9Xec.jpeg,Supabase: rutinas,,
337597d6-ca14-482f-a70e-cd2adef2cd0f,semilla-gym:-tren-superior-a,Semilla Gym: Tren Superior A,Semilla Gym: Tren Superior A,Misión Semilla,,,Carga de Hierro,,Semilla,,,,,[5 ejercicios asociados],,,,,,,,,,,,,,,,,https://storage.googleapis.com/glide-prod.appspot.com/uploads-v2/uH9VKQvQBIrADlb8I3em/pub/cyITkNefsHBCsFMQPAok.jpeg,Supabase: rutinas,,
fa298b42-d454-4ba7-bddc-f9c93b137eb5,semilla-gym:-tren-superior-b,Semilla Gym: Tren Superior B,Semilla Gym: Tren Superior B,Misión Semilla,,,Carga de Hierro,,Semilla,,,,,[5 ejercicios asociados],,,,,,,,,,,,,,,,,https://storage.googleapis.com/glide-prod.appspot.com/uploads-v2/uH9VKQvQBIrADlb8I3em/pub/AuSYxJfAwAzvvcjyGqWS.jpeg,Supabase: rutinas,,
5d5e08b1-d402-493e-a407-b21d0c042c6d,semilla-gym:-tren-superior-c,Semilla Gym: Tren Superior C,Semilla Gym: Tren Superior C,Misión Semilla,,,Carga de Hierro,,Semilla,,,,,[5 ejercicios asociados],,,,,,,,,,,,,,,,,https://storage.googleapis.com/glide-prod.appspot.com/uploads-v2/uH9VKQvQBIrADlb8I3em/pub/mX7L2CSZt2AVMlM6d09T.jpeg,Supabase: rutinas,,
9f4dc802-a7e6-4454-beeb-af72f17a9f58,semilla-gym:-tren-inferior-a,Semilla Gym: Tren Inferior A,Semilla Gym: Tren Inferior A,Misión Semilla,,,Carga de Hierro,,Semilla,,,,,[5 ejercicios asociados],,,,,,,,,,,,,,,,,https://storage.googleapis.com/glide-prod.appspot.com/uploads-v2/uH9VKQvQBIrADlb8I3em/pub/s9xFOr1VBNxbXa3j3j7K.jpeg,Supabase: rutinas,,
8dbf9e15-2059-42cf-8721-68ebe2fe9402,semilla-gym:-tren-inferior-b,Semilla Gym: Tren Inferior B,Semilla Gym: Tren Inferior B,Misión Semilla,,,Carga de Hierro,,Semilla,,,,,[5 ejercicios asociados],,,,,,,,,,,,,,,,,https://storage.googleapis.com/glide-prod.appspot.com/uploads-v2/uH9VKQvQBIrADlb8I3em/pub/kNt91nV45MZzxnU29SQt.jpeg,Supabase: rutinas,,
4a3e387d-4a16-41cf-96aa-08ea0045d45b,semilla-gym:-tren-inferior-c,Semilla Gym: Tren Inferior C,Semilla Gym: Tren Inferior C,Misión Semilla,,,Carga de Hierro,,Semilla,,,,,[5 ejercicios asociados],,,,,,,,,,,,,,,,,https://storage.googleapis.com/glide-prod.appspot.com/uploads-v2/uH9VKQvQBIrADlb8I3em/pub/6pBHpFXc56Vjx4PZKhOK.jpeg,Supabase: rutinas,,
eb8aa33e-a1da-40a5-b4ad-8f03b3703406,semilla-gym:-cuerpo-completo-a,Semilla Gym: Cuerpo Completo A,Semilla Gym: Cuerpo Completo A,Misión Semilla,,,Carga de Hierro,,Semilla,,,,,[5 ejercicios asociados],,,,,,,,,,,,,,,,,https://storage.googleapis.com/glide-prod.appspot.com/uploads-v2/uH9VKQvQBIrADlb8I3em/pub/v9HJe7uXMuONL6M7cbaG.jpeg,Supabase: rutinas,,
54de7aff-e4d6-4164-8017-ea750774ed8c,semilla-gym:-cuerpo-completo-b,Semilla Gym: Cuerpo Completo B,Semilla Gym: Cuerpo Completo B,Misión Semilla,,,Carga de Hierro,,Semilla,,,,,[5 ejercicios asociados],,,,,,,,,,,,,,,,,https://storage.googleapis.com/glide-prod.appspot.com/uploads-v2/uH9VKQvQBIrADlb8I3em/pub/InHywNn1JIDuJrwj5CHH.jpeg,Supabase: rutinas,,
8590736b-f6c8-4449-ae5d-7b9bb8bdda29,semilla-gym:-cuerpo-completo-c,Semilla Gym: Cuerpo Completo C,Semilla Gym: Cuerpo Completo C,Misión Semilla,,,Carga de Hierro,,Semilla,,,,,[5 ejercicios asociados],,,,,,,,,,,,,,,,,https://storage.googleapis.com/glide-prod.appspot.com/uploads-v2/uH9VKQvQBIrADlb8I3em/pub/eVeKLOQTREgkgXy6ACWa.jpeg,Supabase: rutinas,,
df4e23c3-a174-4b12-bb4c-6a1d91f7b691,pino-gym:-tren-superior-a,Pino Gym: Tren Superior A,Pino Gym: Tren Superior A,Misión,,,Carga de Hierro,,Pino,,,,,[5 ejercicios asociados],,,,,,,,,,,,,,,,,,Supabase: rutinas,,
ce8fca49-b0fb-4ef8-94d4-9b6fe8a3ffeb,pino-gym:-tren-superior-b,Pino Gym: Tren Superior B,Pino Gym: Tren Superior B,Misión,,,Carga de Hierro,,Pino,,,,,[5 ejercicios asociados],,,,,,,,,,,,,,,,,,Supabase: rutinas,,
82d99f7a-12a9-4f9a-9497-73b1ef7988da,pino-gym:-tren-superior-c,Pino Gym: Tren Superior C,Pino Gym: Tren Superior C,Misión,,,Carga de Hierro,,Pino,,,,,[5 ejercicios asociados],,,,,,,,,,,,,,,,,,Supabase: rutinas,,
4fe3b5bd-81a4-421b-87ca-0f678fb81458,pino-gym:-tren-inferior-a,Pino Gym: Tren Inferior A,Pino Gym: Tren Inferior A,Misión,,,Carga de Hierro,,Pino,,,,,[5 ejercicios asociados],,,,,,,,,,,,,,,,,,Supabase: rutinas,,
dc3b91d1-2117-4c8c-aef5-5495ea0da820,pino-gym:-tren-inferior-b,Pino Gym: Tren Inferior B,Pino Gym: Tren Inferior B,Misión,,,Carga de Hierro,,Pino,,,,,[5 ejercicios asociados],,,,,,,,,,,,,,,,,,Supabase: rutinas,,
71e4035c-0125-44fc-ba2e-ba7934f21c43,pino-gym:-tren-inferior-c,Pino Gym: Tren Inferior C,Pino Gym: Tren Inferior C,Misión,,,Carga de Hierro,,Pino,,,,,[5 ejercicios asociados],,,,,,,,,,,,,,,,,,Supabase: rutinas,,
4f6761c3-895a-49c9-a111-d55adbea2411,pino-gym:-cuerpo-completo-a,Pino Gym: Cuerpo Completo A,Pino Gym: Cuerpo Completo A,Misión,,,Carga de Hierro,,Pino,,,,,[5 ejercicios asociados],,,,,,,,,,,,,,,,,,Supabase: rutinas,,
11624ba9-61a8-4c6d-9c2d-6ae9a465f125,pino-gym:-cuerpo-completo-b,Pino Gym: Cuerpo Completo B,Pino Gym: Cuerpo Completo B,Misión,,,Carga de Hierro,,Pino,,,,,[5 ejercicios asociados],,,,,,,,,,,,,,,,,,Supabase: rutinas,,
13bcbcf1-5f5c-4756-9e1d-c92903ebce1e,pino-gym:-cuerpo-completo-c,Pino Gym: Cuerpo Completo C,Pino Gym: Cuerpo Completo C,Misión,,,Carga de Hierro,,Pino,,,,,[5 ejercicios asociados],,,,,,,,,,,,,,,,,,Supabase: rutinas,,
3b78d660-b62d-4c19-ac95-72fcb88e2667,semilla-hibrido:-tren-superior-a,Semilla Hibrido: Tren Superior A,Semilla Hibrido: Tren Superior A,Misión Semilla,,,Método Híbrido V&V,,Semilla,,,,,[5 ejercicios asociados],,,,,,,,,,,,,,,,,,Supabase: rutinas,,
99b0a876-e03d-4aa7-ae22-8dc69455c1e8,semilla-hibrido:-tren-superior-b,Semilla Hibrido: Tren Superior B,Semilla Hibrido: Tren Superior B,Misión Semilla,,,Método Híbrido V&V,,Semilla,,,,,[5 ejercicios asociados],,,,,,,,,,,,,,,,,,Supabase: rutinas,,
f2f39370-64ca-4e2c-b3e4-8425d3e73c66,semilla-hibrido:-tren-superior-c,Semilla Hibrido: Tren Superior C,Semilla Hibrido: Tren Superior C,Misión Semilla,,,Método Híbrido V&V,,Semilla,,,,,[5 ejercicios asociados],,,,,,,,,,,,,,,,,,Supabase: rutinas,,
164dbb5a-5488-48c4-b7b8-09008ce02497,semilla-hibrido:-tren-inferior-a,Semilla Hibrido: Tren Inferior A,Semilla Hibrido: Tren Inferior A,Misión Semilla,,,Método Híbrido V&V,,Semilla,,,,,[5 ejercicios asociados],,,,,,,,,,,,,,,,,,Supabase: rutinas,,
f0257f38-0b74-410f-b559-08da05b29dfc,semilla-hibrido:-tren-inferior-b,Semilla Hibrido: Tren Inferior B,Semilla Hibrido: Tren Inferior B,Misión Semilla,,,Método Híbrido V&V,,Semilla,,,,,[5 ejercicios asociados],,,,,,,,,,,,,,,,,,Supabase: rutinas,,
94eb6310-fad0-4d06-9330-0d33e9861e30,semilla-hibrido:-tren-inferior-c,Semilla Hibrido: Tren Inferior C,Semilla Hibrido: Tren Inferior C,Misión Semilla,,,Método Híbrido V&V,,Semilla,,,,,[5 ejercicios asociados],,,,,,,,,,,,,,,,,,Supabase: rutinas,,
6000be71-b7eb-43ce-bbd1-2faf1c834162,semilla-hibrido:-cuerpo-completo-c,Semilla Hibrido: Cuerpo Completo C,Semilla Hibrido: Cuerpo Completo C,Misión Semilla,,,Método Híbrido V&V,,Semilla,,,,,[5 ejercicios asociados],,,,,,,,,,,,,,,,,,Supabase: rutinas,,
51350df0-c91d-4309-8ea6-a75e11179e6c,pino-hibrido:-tren-superior-a,Pino Hibrido: Tren Superior A,Pino Hibrido: Tren Superior A,Misión,,,Método Híbrido V&V,,Pino,,,,,[5 ejercicios asociados],,,,,,,,,,,,,,,,,,Supabase: rutinas,,
4d3c33b3-4dc3-4d98-82dc-6e5136e13e70,pino-hibrido:-tren-superior-b,Pino Hibrido: Tren Superior B,Pino Hibrido: Tren Superior B,Misión,,,Método Híbrido V&V,,Pino,,,,,[5 ejercicios asociados],,,,,,,,,,,,,,,,,,Supabase: rutinas,,
f9029b91-c5bc-4f44-9585-2045f34da961,pino-hibrido:-tren-superior-c,Pino Hibrido: Tren Superior C,Pino Hibrido: Tren Superior C,Misión,,,Método Híbrido V&V,,Pino,,,,,[5 ejercicios asociados],,,,,,,,,,,,,,,,,,Supabase: rutinas,,
49a5ff2d-a48e-4ff4-9ac6-856989c5959c,pino-hibrido:-tren-inferior-a,Pino Hibrido: Tren Inferior A,Pino Hibrido: Tren Inferior A,Misión,,,Método Híbrido V&V,,Pino,,,,,[5 ejercicios asociados],,,,,,,,,,,,,,,,,,Supabase: rutinas,,
68e10925-1ffe-479a-947b-973a06cba635,pino-hibrido:-tren-inferior-b,Pino Hibrido: Tren Inferior B,Pino Hibrido: Tren Inferior B,Misión,,,Método Híbrido V&V,,Pino,,,,,[5 ejercicios asociados],,,,,,,,,,,,,,,,,,Supabase: rutinas,,
ad79d933-e216-4111-bf52-06bdbfa8b2b5,pino-hibrido:-tren-inferior-c,Pino Hibrido: Tren Inferior C,Pino Hibrido: Tren Inferior C,Misión,,,Método Híbrido V&V,,Pino,,,,,[5 ejercicios asociados],,,,,,,,,,,,,,,,,,Supabase: rutinas,,
f7aa6112-6e5b-4f29-946a-35fa59b7615a,pino-hibrido:-cuerpo-completo-a,Pino Hibrido: Cuerpo Completo A,Pino Hibrido: Cuerpo Completo A,Misión,,,Método Híbrido V&V,,Pino,,,,,[5 ejercicios asociados],,,,,,,,,,,,,,,,,,Supabase: rutinas,,
46939403-9731-4f57-95c9-3283dc689f22,pino-hibrido:-cuerpo-completo-b,Pino Hibrido: Cuerpo Completo B,Pino Hibrido: Cuerpo Completo B,Misión,,,Método Híbrido V&V,,Pino,,,,,[5 ejercicios asociados],,,,,,,,,,,,,,,,,,Supabase: rutinas,,
dc03d3c7-41a9-468d-b826-7e0fac35a6f7,pino-hibrido:-cuerpo-completo-c,Pino Hibrido: Cuerpo Completo C,Pino Hibrido: Cuerpo Completo C,Misión,,,Método Híbrido V&V,,Pino,,,,,[5 ejercicios asociados],,,,,,,,,,,,,,,,,,Supabase: rutinas,,
9a11d908-8d20-4e70-b846-628e396b3e91,mi-primera-dominada--semana-1,Mi Primera Dominada- Semana 1,Mi Primera Dominada- Semana 1,Misión,,,,,Semilla,,,,,[5 ejercicios asociados],,,,,,,,,,,,,,,,,https://storage.googleapis.com/glide-prod.appspot.com/uploads-v2/uH9VKQvQBIrADlb8I3em/pub/onwol6xGzGQOuV0uci28.jpeg,Supabase: rutinas,,
20661b2c-2b85-4932-896e-52bb0d878001,mi-primera-dominada--semana-2,Mi Primera Dominada- Semana 2,Mi Primera Dominada- Semana 2,Misión,,,,,,,,,,[5 ejercicios asociados],,,,,,,,,,,,,,,,,,Supabase: rutinas,,
2a6d89ca-094b-4105-8692-9ef3965dcb71,mi-primera-dominada--semana-3,Mi Primera Dominada- Semana 3,Mi Primera Dominada- Semana 3,Misión,,,,,,,,,,[5 ejercicios asociados],,,,,,,,,,,,,,,,,,Supabase: rutinas,,
f8e266e0-6948-4510-86f6-66c76e7c1aa8,mi-primera-dominada--semana-4,Mi Primera Dominada- Semana 4,Mi Primera Dominada- Semana 4,Misión,,,,,,,,,,[5 ejercicios asociados],,,,,,,,,,,,,,,,,,Supabase: rutinas,,
4f1397d7-994a-4fc0-81ec-f0854214a55b,mi-primera-dominada--semana-5,Mi Primera Dominada- Semana 5,Mi Primera Dominada- Semana 5,Misión,,,,,,,,,,[5 ejercicios asociados],,,,,,,,,,,,,,,,,,Supabase: rutinas,,
2925484a-cead-4af8-a642-9936464cf6c8,mi-primera-dominada--semana-6,Mi Primera Dominada- Semana 6,Mi Primera Dominada- Semana 6,Misión,,,,,,,,,,[5 ejercicios asociados],,,,,,,,,,,,,,,,,,Supabase: rutinas,,
b3855db8-517a-4042-8846-1bf046099895,mi-primera-dominada--semana-7,Mi Primera Dominada- Semana 7,Mi Primera Dominada- Semana 7,Misión,,,,,,,,,,[5 ejercicios asociados],,,,,,,,,,,,,,,,,,Supabase: rutinas,,
b9db6f22-8feb-48f7-94bc-983d837d7997,mi-primera-dominada--semana-8,Mi Primera Dominada- Semana 8,Mi Primera Dominada- Semana 8,Misión,,,,,,,,,,[5 ejercicios asociados],,,,,,,,,,,,,,,,,,Supabase: rutinas,,
77ec2fc4-f103-4744-adac-b41a1940433a,mi-primera-dominada--semana-9,Mi Primera Dominada- Semana 9,Mi Primera Dominada- Semana 9,Misión,,,,,,,,,,[5 ejercicios asociados],,,,,,,,,,,,,,,,,,Supabase: rutinas,,
b17af34d-f4f9-43d9-8a91-df10fbf5f7db,mi-primera-dominada--semana-10,Mi Primera Dominada- Semana 10,Mi Primera Dominada- Semana 10,Misión,,,,,,,,,,[5 ejercicios asociados],,,,,,,,,,,,,,,,,,Supabase: rutinas,,
050771a7-9a35-4d0b-9656-931bc8192fb1,mi-primera-dominada--semana-11,Mi Primera Dominada- Semana 11,Mi Primera Dominada- Semana 11,Misión,,,,,,,,,,[5 ejercicios asociados],,,,,,,,,,,,,,,,,,Supabase: rutinas,,
4e210a20-30fe-4229-b842-a9fd0aea4405,mi-primera-dominada--semana-12,Mi Primera Dominada- Semana 12,Mi Primera Dominada- Semana 12,Misión,,,,,,,,,,[5 ejercicios asociados],,,,,,,,,,,,,,,,,,Supabase: rutinas,,
052d3b5d-9d53-4374-9468-f032d89d111b,tzalam-gym:-tren-inferior-c,Tzalam Gym: Tren Inferior C,Tzalam Gym: Tren Inferior C,Misión,,,Carga de Hierro,,Tzalam,,,,,[4 ejercicios asociados],,,,,,,,,,,,,,,,,,Supabase: rutinas,,
c3120e19-2c05-47a1-b7bd-d69adaf48324,semilla-hibrido:-cuerpo-completo-a,Semilla Hibrido: Cuerpo Completo A,Semilla Hibrido: Cuerpo Completo A,Misión Semilla,,,Método Híbrido V&V,,Semilla,,,,,[5 ejercicios asociados],,,,,,,,,,,,,,,,,https://storage.googleapis.com/glide-prod.appspot.com/uploads-v2/uH9VKQvQBIrADlb8I3em/pub/VukdtLJ5Q2pFVl7iVbpn.png,Supabase: rutinas,,
cf73dabc-f556-42bf-8b2d-54d1913c111c,semilla-hibrido:-cuerpo-completo-b,Semilla Hibrido: Cuerpo Completo B,Semilla Hibrido: Cuerpo Completo B,Misión Semilla,,,Método Híbrido V&V,,Semilla,,,,,[5 ejercicios asociados],,,,,,,,,,,,,,,,,,Supabase: rutinas,,
0e5a6c80-124c-40d5-97d7-9d6df867aa18,tzalam-híbrido:-tren-superior-a,Tzalam Híbrido: Tren Superior A,Tzalam Híbrido: Tren Superior A,Misión,,,Método Híbrido V&V,,Tzalam,,,,,[4 ejercicios asociados],,,,,,,,,,,,,,,,,,Supabase: rutinas,,
15594e8d-d0d0-425e-bcdf-9dbbf6e2c16e,roble-gym:-tren-superior-a,Roble Gym: Tren Superior A,Roble Gym: Tren Superior A,Misión,,,Carga de Hierro,,Roble,,,,,[5 ejercicios asociados],,,,,,,,,,,,,,,,,,Supabase: rutinas,,
18d8224d-7c01-4c9e-858d-09808325f69a,roble:-tren-superior-c,Roble: Tren Superior C,Roble: Tren Superior C,Misión,,,Vigor Corporal,,Roble,,,,,[5 ejercicios asociados],,,,,,,,,,,,,,,,,,Supabase: rutinas,,
20ad512b-84d0-4b70-8c82-4723eed7d19f,roble-gym:-cuerpo-completo-c,Roble Gym: Cuerpo Completo C,Roble Gym: Cuerpo Completo C,Misión,,,Carga de Hierro,,Roble,,,,,[5 ejercicios asociados],,,,,,,,,,,,,,,,,,Supabase: rutinas,,
20eaf90e-4b04-4e62-bac8-17fbd8148410,roble-híbrido:-tren-inferior-c,Roble Híbrido: Tren Inferior C,Roble Híbrido: Tren Inferior C,Misión,,,Método Híbrido V&V,,Roble,,,,,[5 ejercicios asociados],,,,,,,,,,,,,,,,,,Supabase: rutinas,,
30dd122e-7f8e-4ad5-b5a1-3e679ff5ca66,roble:-tren-superior-a,Roble: Tren Superior A,Roble: Tren Superior A,Misión,,,Vigor Corporal,,Roble,,,,,[5 ejercicios asociados],,,,,,,,,,,,,,,,,,Supabase: rutinas,,
3c19c236-68ff-4e0d-b738-eadb0efb1e18,tzalam-gym:-cuerpo-completo-a,Tzalam Gym: Cuerpo Completo A,Tzalam Gym: Cuerpo Completo A,Misión,,,Carga de Hierro,,Tzalam,,,,,[4 ejercicios asociados],,,,,,,,,,,,,,,,,,Supabase: rutinas,,
47bc7a62-fae3-4440-99f6-593bad4655c5,roble:-tren-inferior-b,Roble: Tren Inferior B,Roble: Tren Inferior B,Misión,,,Vigor Corporal,,Roble,,,,,[5 ejercicios asociados],,,,,,,,,,,,,,,,,,Supabase: rutinas,,
4845ed06-5726-415f-9042-87a47a12b94c,tzalam-híbrido:-tren-inferior-b,Tzalam Híbrido: Tren Inferior B,Tzalam Híbrido: Tren Inferior B,Misión,,,Método Híbrido V&V,,Tzalam,,,,,[4 ejercicios asociados],,,,,,,,,,,,,,,,,,Supabase: rutinas,,
48cb77a6-26ed-4924-a96a-1c0193043bf2,roble:-tren-inferior-c,Roble: Tren Inferior C,Roble: Tren Inferior C,Misión,,,Vigor Corporal,,Roble,,,,,[5 ejercicios asociados],,,,,,,,,,,,,,,,,,Supabase: rutinas,,
49aacd7e-0d0f-4f4e-bc13-04080689f579,roble:-cuerpo-completo-c,Roble: Cuerpo Completo C,Roble: Cuerpo Completo C,Misión,,,Vigor Corporal,,Roble,,,,,[5 ejercicios asociados],,,,,,,,,,,,,,,,,,Supabase: rutinas,,
4e38b060-d9b6-424e-8471-11919a56e366,roble:-cuerpo-completo-a,Roble: Cuerpo Completo A,Roble: Cuerpo Completo A,Misión,,,Vigor Corporal,,Roble,,,,,[5 ejercicios asociados],,,,,,,,,,,,,,,,,,Supabase: rutinas,,
5b6aa447-fa83-4acd-8477-479d7f9cad66,roble-gym:-cuerpo-completo-a,Roble Gym: Cuerpo Completo A,Roble Gym: Cuerpo Completo A,Misión,,,Carga de Hierro,,Roble,,,,,[5 ejercicios asociados],,,,,,,,,,,,,,,,,,Supabase: rutinas,,
6011e953-f11f-44b9-a426-7b35e005b68d,roble-gym:-tren-superior-c,Roble Gym: Tren Superior C,Roble Gym: Tren Superior C,Misión,,,Carga de Hierro,,Roble,,,,,[5 ejercicios asociados],,,,,,,,,,,,,,,,,,Supabase: rutinas,,
604b57d4-3f35-4655-998f-5b46cfa30e82,tzalam-gym:-cuerpo-completo-b,Tzalam Gym: Cuerpo Completo B,Tzalam Gym: Cuerpo Completo B,Misión,,,Carga de Hierro,,Tzalam,,,,,[4 ejercicios asociados],,,,,,,,,,,,,,,,,,Supabase: rutinas,,
635b799e-7a13-4330-9443-d190464865c9,roble-híbrido:-tren-inferior-b,Roble Híbrido: Tren Inferior B,Roble Híbrido: Tren Inferior B,Misión,,,Método Híbrido V&V,,Roble,,,,,[5 ejercicios asociados],,,,,,,,,,,,,,,,,,Supabase: rutinas,,
64321c08-c524-4fe3-9528-f03aef09344f,tzalam-híbrido:-tren-superior-b,Tzalam Híbrido: Tren Superior B,Tzalam Híbrido: Tren Superior B,Misión,,,Método Híbrido V&V,,Tzalam,,,,,[4 ejercicios asociados],,,,,,,,,,,,,,,,,,Supabase: rutinas,,
71a9ecfe-d33c-4522-ae4e-988ba2c80cb5,roble-gym:-tren-inferior-c,Roble Gym: Tren Inferior C,Roble Gym: Tren Inferior C,Misión,,,Método Híbrido V&V,,Roble,,,,,[5 ejercicios asociados],,,,,,,,,,,,,,,,,,Supabase: rutinas,,
72918095-00a9-429c-b13e-8ab7dc346e96,roble-híbrido:-cuerpo-completo-c,Roble Híbrido: Cuerpo Completo C,Roble Híbrido: Cuerpo Completo C,Misión,,,Método Híbrido V&V,,Roble,,,,,[5 ejercicios asociados],,,,,,,,,,,,,,,,,,Supabase: rutinas,,
80949dcd-ecc2-46ae-9cd5-ebc8f6bc9c46,tzalam-gym:-tren-inferior-b,Tzalam Gym: Tren Inferior B,Tzalam Gym: Tren Inferior B,Misión,,,Carga de Hierro,,Tzalam,,,,,[4 ejercicios asociados],,,,,,,,,,,,,,,,,,Supabase: rutinas,,
8c0dca67-995d-46a2-b554-b49b9972e610,roble:-tren-superior-b,Roble: Tren Superior B,Roble: Tren Superior B,Misión,,,Vigor Corporal,,Roble,,,,,[5 ejercicios asociados],,,,,,,,,,,,,,,,,,Supabase: rutinas,,
914d698a-74b0-40e1-a34e-fa37b6b84d2f,tzalam-gym:-tren-superior-a,Tzalam Gym: Tren Superior A,Tzalam Gym: Tren Superior A,Misión,,,Carga de Hierro,,Tzalam,,,,,[4 ejercicios asociados],,,,,,,,,,,,,,,,,,Supabase: rutinas,,
968378a0-d383-41ac-a043-088fe41cc991,roble-gym:-tren-superior-b,Roble Gym: Tren Superior B,Roble Gym: Tren Superior B,Misión,,,Carga de Hierro,,Roble,,,,,[5 ejercicios asociados],,,,,,,,,,,,,,,,,,Supabase: rutinas,,
972cb0a9-b4f3-4d7d-8076-63e011e9d1ac,tzalam-híbrido:-tren-inferior-c,Tzalam Híbrido: Tren Inferior C,Tzalam Híbrido: Tren Inferior C,Misión,,,Método Híbrido V&V,,Tzalam,,,,,[4 ejercicios asociados],,,,,,,,,,,,,,,,,,Supabase: rutinas,,
99e88e8c-16ee-4a66-82c0-7bb3a37d75d8,roble-híbrido:-tren-superior-a,Roble Híbrido: Tren Superior A,Roble Híbrido: Tren Superior A,Misión,,,Método Híbrido V&V,,Roble,,,,,[5 ejercicios asociados],,,,,,,,,,,,,,,,,,Supabase: rutinas,,
a1556f33-d620-4596-a6bb-66da02d8610c,tzalam-gym:-tren-inferior-a,Tzalam Gym: Tren Inferior A,Tzalam Gym: Tren Inferior A,Misión,,,Carga de Hierro,,Tzalam,,,,,[4 ejercicios asociados],,,,,,,,,,,,,,,,,,Supabase: rutinas,,
ab2503d2-1204-4e2e-8366-78735b388c3b,tzalam-híbrido:-cuerpo-completo-c,Tzalam Híbrido: Cuerpo Completo C,Tzalam Híbrido: Cuerpo Completo C,Misión,,,Método Híbrido V&V,,Tzalam,,,,,[4 ejercicios asociados],,,,,,,,,,,,,,,,,,Supabase: rutinas,,
b5dad738-cbc5-4272-89f0-df2ed538fce0,tzalam-gym:-cuerpo-completo-c,Tzalam Gym: Cuerpo Completo C,Tzalam Gym: Cuerpo Completo C,Misión,,,Carga de Hierro,,Tzalam,,,,,[4 ejercicios asociados],,,,,,,,,,,,,,,,,,Supabase: rutinas,,
b6f2afa0-743f-4c88-b758-08848e0f24c0,roble-gym:-tren-inferior-b,Roble Gym: Tren Inferior B,Roble Gym: Tren Inferior B,Misión,,,Carga de Hierro,,Roble,,,,,[5 ejercicios asociados],,,,,,,,,,,,,,,,,,Supabase: rutinas,,
bd629e9c-a5de-4e3b-b179-2ab5a42f6c0b,roble-híbrido:-tren-superior-c,Roble Híbrido: Tren Superior C,Roble Híbrido: Tren Superior C,Misión,,,Método Híbrido V&V,,Roble,,,,,[5 ejercicios asociados],,,,,,,,,,,,,,,,,,Supabase: rutinas,,
c9c329e4-a187-4ae2-9c5b-87c6d60e3a03,tzalam-híbrido:-tren-inferior-a,Tzalam Híbrido: Tren Inferior A,Tzalam Híbrido: Tren Inferior A,Misión,,,Método Híbrido V&V,,Tzalam,,,,,[4 ejercicios asociados],,,,,,,,,,,,,,,,,,Supabase: rutinas,,
cfafc868-0ce1-40ce-80df-13159b8e7084,roble-gym:-tren-inferior-a,Roble Gym: Tren Inferior A,Roble Gym: Tren Inferior A,Misión,,,Carga de Hierro,,Roble,,,,,[5 ejercicios asociados],,,,,,,,,,,,,,,,,,Supabase: rutinas,,
db5c94fc-98fd-4a7a-b217-beaa1bd59b29,tzalam-gym:-tren-superior-b,Tzalam Gym: Tren Superior B,Tzalam Gym: Tren Superior B,Misión,,,Carga de Hierro,,Tzalam,,,,,[4 ejercicios asociados],,,,,,,,,,,,,,,,,,Supabase: rutinas,,
50411c63-fd14-4f41-bd16-5ffddb59f340,tzalam:-tren-inferior-b,Tzalam: Tren Inferior B,Tzalam: Tren Inferior B,Misión,,,Vigor Corporal,,Tzalam,,,,,[5 ejercicios asociados],,,,,,,,,,,,,,,,,,Supabase: rutinas,,
698d5f11-1970-4442-9b9c-f99a4465978b,tzalam:-cuerpo-completo-c,Tzalam: Cuerpo Completo C,Tzalam: Cuerpo Completo C,Misión,,,Vigor Corporal,,"Tzalam
",,,,,[5 ejercicios asociados],,,,,,,,,,,,,,,,,,Supabase: rutinas,,
99ffa238-a62f-4a72-95bc-160d4d154f30,tzalam:-tren-superior-c,Tzalam: Tren Superior C,Tzalam: Tren Superior C,Misión,,,Vigor Corporal,,"Tzalam
",,,,,[5 ejercicios asociados],,,,,,,,,,,,,,,,,,Supabase: rutinas,,
9e532db3-f228-4554-ad11-6763291cf67e,tzalam:-cuerpo-completo-b,Tzalam: Cuerpo Completo B,Tzalam: Cuerpo Completo B,Misión,,,Vigor Corporal,,"Tzalam
",,,,,[5 ejercicios asociados],,,,,,,,,,,,,,,,,,Supabase: rutinas,,
df842a35-ec12-4c5c-b49e-efa2f1dbfa82,roble-híbrido:-tren-inferior-a,Roble Híbrido: Tren Inferior A,Roble Híbrido: Tren Inferior A,Misión,,,Método Híbrido V&V,,Roble,,,,,[5 ejercicios asociados],,,,,,,,,,,,,,,,,,Supabase: rutinas,,
e5e547ad-7bed-49cc-9d45-1692f6bf8f59,roble:-cuerpo-completo-b,Roble: Cuerpo Completo B,Roble: Cuerpo Completo B,Misión,,,Vigor Corporal,,Roble,,,,,[5 ejercicios asociados],,,,,,,,,,,,,,,,,,Supabase: rutinas,,
e8ff7aed-2132-48ab-96da-89329e1daacd,tzalam-híbrido:-tren-superior-c,Tzalam Híbrido: Tren Superior C,Tzalam Híbrido: Tren Superior C,Misión,,,Método Híbrido V&V,,Tzalam,,,,,[4 ejercicios asociados],,,,,,,,,,,,,,,,,,Supabase: rutinas,,
ebdf0a3d-414a-4dca-8605-ddaa6ad67e8c,roble-híbrido:-tren-superior-b,Roble Híbrido: Tren Superior B,Roble Híbrido: Tren Superior B,Misión,,,Método Híbrido V&V,,Roble,,,,,[5 ejercicios asociados],,,,,,,,,,,,,,,,,,Supabase: rutinas,,
eda9c53e-161f-48cf-bb70-99ade89f840b,tzalam:-tren-superior-b,Tzalam: Tren Superior B,Tzalam: Tren Superior B,Misión,,,Vigor Corporal,,"Tzalam
",,,,,[5 ejercicios asociados],,,,,,,,,,,,,,,,,,Supabase: rutinas,,
efc08f7e-3223-4272-9321-662efa6c70f9,tzalam:-tren-superior-a,Tzalam: Tren Superior A,Tzalam: Tren Superior A,Misión,,,Vigor Corporal,,"Tzalam
",,,,,[5 ejercicios asociados],,,,,,,,,,,,,,,,,,Supabase: rutinas,,
e5dac69e-6a1d-4ba2-8fa5-e3e329bfc1f4,tzalam:-tren-inferior-a,Tzalam: Tren Inferior A,Tzalam: Tren Inferior A,Misión,,,Vigor Corporal,,Tzalam,,,,,[5 ejercicios asociados],,,,,,,,,,,,,,,,,,Supabase: rutinas,,
3cb02fea-c717-4c96-a0e3-f2bdffd061b0,roble-gym:-cuerpo-completo-b,Roble Gym: Cuerpo Completo B,Roble Gym: Cuerpo Completo B,Misión,,,Carga de Hierro,,Roble,,,,,[5 ejercicios asociados],,,,,,,,,,,,,,,,,,Supabase: rutinas,,
4ad08bb4-10f0-4860-bdf7-3f988781129e,tzalam-híbrido:-cuerpo-completo-a,Tzalam Híbrido: Cuerpo Completo A,Tzalam Híbrido: Cuerpo Completo A,Misión,,,Método Híbrido V&V,,Tzalam,,,,,[4 ejercicios asociados],,,,,,,,,,,,,,,,,,Supabase: rutinas,,
6c5b934c-fe73-4866-abed-edbb804fd226,tzalam-híbrido:-cuerpo-completo-b,Tzalam Híbrido: Cuerpo Completo B,Tzalam Híbrido: Cuerpo Completo B,Misión,,,Método Híbrido V&V,,Tzalam,,,,,[4 ejercicios asociados],,,,,,,,,,,,,,,,,,Supabase: rutinas,,
927babbe-f36a-4c76-9524-329b0871e4b1,roble-híbrido:-cuerpo-completo-b,Roble Híbrido: Cuerpo Completo B,Roble Híbrido: Cuerpo Completo B,Misión,,,Método Híbrido V&V,,Roble,,,,,[5 ejercicios asociados],,,,,,,,,,,,,,,,,,Supabase: rutinas,,
abced411-0b1d-4356-b886-38c9e5a31800,tzalam-gym:-tren-superior-c,Tzalam Gym: Tren Superior C,Tzalam Gym: Tren Superior C,Misión,,,Carga de Hierro,,Tzalam,,,,,[4 ejercicios asociados],,,,,,,,,,,,,,,,,,Supabase: rutinas,,
d3f16b18-6121-45d5-8a28-17b528f263b5,roble-híbrido:-cuerpo-completo-a,Roble Híbrido: Cuerpo Completo A,Roble Híbrido: Cuerpo Completo A,Misión,,,Método Híbrido V&V,,Roble,,,,,[5 ejercicios asociados],,,,,,,,,,,,,,,,,,Supabase: rutinas,,
b0a4e792-5c63-4f06-bb1c-446788b2dbca,tzalam:-tren-inferior-c,Tzalam: Tren Inferior C,Tzalam: Tren Inferior C,Misión,,,Vigor Corporal,,"Tzalam
",,,,,[5 ejercicios asociados],,,,,,,,,,,,,,,,,,Supabase: rutinas,,
fc45b839-f616-4e0d-84ac-d8a1357b6a25,roble:-tren-inferior-a,Roble: Tren Inferior A,Roble: Tren Inferior A,Misión,,,Vigor Corporal,,Roble,,,,,[5 ejercicios asociados],,,,,,,,,,,,,,,,,,Supabase: rutinas,,
f97ecd69-634a-4e97-ba61-67b2114d5937,tzalam:-cuerpo-completo-a,Tzalam: Cuerpo Completo A,Tzalam: Cuerpo Completo A,Misión,,,Vigor Corporal,,"Tzalam
",,,,,[5 ejercicios asociados],,,,,,,,,,,,,,,,,,Supabase: rutinas,,
9f5b2855-521a-406d-8319-9bf7e2e62f6d,mi-primera-dominada---semana-1,Mi Primera Dominada - Semana 1,Mi Primera Dominada - Semana 1,Misión,,,Rutas de Maestría,,Semilla,,,,,[5 ejercicios asociados],,,,,,,,,,,,,,,,,,Supabase: rutinas,,
425f3ea8-d90b-4781-95b6-ebcc6b8d4ffa,mi-primera-dominada---semana-2,Mi Primera Dominada - Semana 2,Mi Primera Dominada - Semana 2,Misión,,,Rutas de Maestría,,Semilla,,,,,[5 ejercicios asociados],,,,,,,,,,,,,,,,,,Supabase: rutinas,,
54b960de-6598-451e-823b-f7c482235e92,mi-primera-dominada---semana-3,Mi Primera Dominada - Semana 3,Mi Primera Dominada - Semana 3,Misión,,,Rutas de Maestría,,Semilla,,,,,[5 ejercicios asociados],,,,,,,,,,,,,,,,,,Supabase: rutinas,,
b065bbf8-21ae-4530-bd06-9e04ce6e7a35,mi-primera-dominada---semana-4,Mi Primera Dominada - Semana 4,Mi Primera Dominada - Semana 4,Misión,,,Rutas de Maestría,,Semilla,,,,,[5 ejercicios asociados],,,,,,,,,,,,,,,,,,Supabase: rutinas,,
15c4d92f-9d6a-4446-ae12-e75c1452f68e,mi-primera-dominada---semana-5,Mi Primera Dominada - Semana 5,Mi Primera Dominada - Semana 5,Misión,,,Rutas de Maestría,,Semilla,,,,,[5 ejercicios asociados],,,,,,,,,,,,,,,,,,Supabase: rutinas,,
f1e1f0e2-9ffc-4e4f-b1eb-3aca7c5e49c3,mi-primera-dominada---semana-6,Mi Primera Dominada - Semana 6,Mi Primera Dominada - Semana 6,Misión,,,Rutas de Maestría,,Semilla,,,,,[5 ejercicios asociados],,,,,,,,,,,,,,,,,,Supabase: rutinas,,
f5afe88e-4009-4019-8f82-a4fb8c7eef0e,mi-primera-dominada---semana-7,Mi Primera Dominada - Semana 7,Mi Primera Dominada - Semana 7,Misión,,,Rutas de Maestría,,Semilla,,,,,[5 ejercicios asociados],,,,,,,,,,,,,,,,,,Supabase: rutinas,,
f85d8918-7aa0-4314-8aa9-35ee09218c6f,mi-primera-dominada---semana-8,Mi Primera Dominada - Semana 8,Mi Primera Dominada - Semana 8,Misión,,,Rutas de Maestría,,Semilla,,,,,[5 ejercicios asociados],,,,,,,,,,,,,,,,,,Supabase: rutinas,,
af68c2a8-dadd-414d-a227-4f7c777a1817,mi-primera-dominada---semana-9,Mi Primera Dominada - Semana 9,Mi Primera Dominada - Semana 9,Misión,,,Rutas de Maestría,,Semilla,,,,,[5 ejercicios asociados],,,,,,,,,,,,,,,,,,Supabase: rutinas,,
c2c579e1-766a-4eed-9a94-a163f10b5801,mi-primera-dominada---semana-10,Mi Primera Dominada - Semana 10,Mi Primera Dominada - Semana 10,Misión,,,Rutas de Maestría,,Semilla,,,,,[5 ejercicios asociados],,,,,,,,,,,,,,,,,,Supabase: rutinas,,
fd814b6f-b28b-4084-bb89-4034457fed8b,mi-primera-dominada---semana-11,Mi Primera Dominada - Semana 11,Mi Primera Dominada - Semana 11,Misión,,,Rutas de Maestría,,Semilla,,,,,[5 ejercicios asociados],,,,,,,,,,,,,,,,,,Supabase: rutinas,,
44b1bbde-d15f-4bd3-99f7-d5e217034b5a,mi-primera-dominada---semana-12,Mi Primera Dominada - Semana 12,Mi Primera Dominada - Semana 12,Misión,,,Rutas de Maestría,,Semilla,,,,,[5 ejercicios asociados],,,,,,,,,,,,,,,,,,Supabase: rutinas,,